customer_id,customer_name,city,age,gender,email,join_date
C0001,Miss Judith Ali,Sheffield,32,Female,graeme66@example.com,2023-11-01
C0002,Lawrence Roberts,London,32,Male,dorothybartlett@example.com,2023-09-07
C0003,Eileen Taylor,Edinburgh,43,Female,pricesharon@example.org,2023-07-08
C0004,Katherine Taylor,Manchester,31,Female,kathleenbevan@example.com,2026-06-03
C0005,Marilyn Clark,Leeds,59,Female,hewittmandy@example.com,2024-02-04
C0006,Eric Flynn,Glasgow,59,Female,amy93@example.net,2025-11-09
C0007,Jodie McDonald,Birmingham,34,Male,thompsongeorgina@example.org,2023-11-01
C0008,Alexandra Moore,Leeds,65,Female,apatel@example.com,2024-05-24
C0009,Miss Linda Rose,Cardiff,45,Female,tracyfisher@example.org,2024-05-20
C0010,Kieran Ferguson,Edinburgh,32,Male,smithjayne@example.net,2025-02-17
C0011,Eleanor Adams,Sheffield,49,Male,tlaw@example.org,2024-10-16
C0012,Katie Barnes-Jones,London,25,Male,roger26@example.com,2025-08-26
C0013,Miss Joan Taylor,Birmingham,68,Female,mortonmolly@example.org,2025-07-13
C0014,Duncan Lloyd,Cardiff,22,Female,davisjeffrey@example.org,2026-02-28
C0015,Ms Lesley Wade,Glasgow,56,Female,bradley50@example.net,2024-08-17
C0016,Kimberley Newton,Sheffield,34,Male,billy32@example.com,2026-01-04
C0017,Miss Carly Read,Manchester,61,Female,emmanicholls@example.org,2023-09-03
C0018,Jemma Manning,Edinburgh,25,Female,abbie26@example.com,2025-12-13
C0019,Mrs Marion Clarke,Glasgow,28,Female,keith44@example.org,2025-02-24
C0020,Daniel Jackson,London,64,Female,lynnehamilton@example.com,2023-11-29
C0021,Leanne Reed,Sheffield,66,Male,jayallen@example.com,2024-07-24
C0022,Bethan Tyler,Sheffield,24,Female,shortvictor@example.org,2025-09-13
C0023,Nicola Evans,Sheffield,56,Male,charlie20@example.com,2024-05-31
C0024,Dr Shane Lyons,Birmingham,41,Male,dorothyanderson@example.org,2026-04-20
C0025,Jane Shaw,Sheffield,67,Male,mfoster@example.net,2025-03-21
C0026,Tracy Robinson,Cardiff,38,Female,xtomlinson@example.com,2023-11-26
C0027,William Campbell,London,25,Female,patelliam@example.com,2025-07-22
C0028,Susan Barlow,Bristol,33,Male,katierobson@example.net,2025-06-20
C0029,Mr Bernard Walker,Leeds,54,Male,julie96@example.com,2025-10-28
C0030,Allan Richardson,Manchester,64,Female,smithcharlene@example.com,2024-12-30
C0031,Louise Barnes,Manchester,66,Male,donnawebster@example.com,2024-02-26
C0032,Neil Sims,Birmingham,60,Female,daviesmelissa@example.com,2025-01-19
C0033,Dr Elliott Watts,Sheffield,28,Female,adamsmitchell@example.org,2026-05-30
C0034,Karl Hodgson,Sheffield,56,Female,kimberleypatel@example.net,2023-11-08
C0035,Jamie Brown,Leeds,52,Male,csmith@example.net,2025-04-23
C0036,Rebecca Evans,Bristol,43,Female,owenbird@example.org,2026-04-29
C0037,Nicola Barnes,Liverpool,51,Female,sylviadoyle@example.com,2025-09-27
C0038,Georgia Rose,Manchester,33,Male,adamsrichard@example.org,2025-06-05
C0039,Mitchell Price-Scott,Manchester,39,Male,rosemarybevan@example.org,2025-09-16
C0040,Alice Porter,Cardiff,53,Male,jdawson@example.org,2023-10-29
C0041,Callum Tomlinson,Cardiff,32,Male,lawrencethomas@example.com,2025-02-20
C0042,Adam Moran,Manchester,63,Male,oliverjodie@example.net,2023-10-13
C0043,Dr Lydia Hawkins,Leeds,22,Male,xgibson@example.org,2025-11-05
C0044,Andrew Campbell,Edinburgh,22,Male,wendy32@example.org,2025-07-21
C0045,Abdul O'Neill,Bristol,60,Female,lcunningham@example.org,2023-06-15
C0046,John Adams,Leeds,52,Male,jasmine18@example.net,2024-05-15
C0047,Tom White,Cardiff,54,Female,pearceharriet@example.org,2024-12-22
C0048,Dr Richard Green,Leeds,68,Female,shawjason@example.org,2025-04-17
C0049,Russell Nash,Glasgow,30,Male,bethmoss@example.net,2024-02-28
C0050,Olivia Atkinson,Manchester,60,Female,robinsonchristian@example.org,2024-05-26
C0051,Rita White-Smith,Edinburgh,45,Female,alex60@example.net,2025-05-01
C0052,Antony Vincent,Liverpool,64,Male,cooperjake@example.com,2025-06-25
C0053,Barbara Knight-Kirby,Manchester,21,Female,sandra53@example.com,2024-07-29
C0054,Mrs Paige Baker,Edinburgh,69,Male,edunn@example.org,2024-02-29
C0055,Darren Cole,Leeds,30,Male,stanleyward@example.net,2026-03-04
C0056,Miss Gillian Cox,Sheffield,46,Male,stephen99@example.net,2024-09-08
C0057,Sandra Hancock,Glasgow,29,Female,gward@example.org,2025-01-28
C0058,Nathan Rees,Liverpool,33,Male,xdennis@example.net,2023-06-27
C0059,Kathryn Roberts,Liverpool,69,Male,rlane@example.org,2024-10-20
C0060,Dr Ellie Gregory,London,59,Male,lpatterson@example.com,2025-07-26
C0061,Nathan McKenzie,Manchester,66,Male,richardsronald@example.com,2024-07-19
C0062,Mrs Michelle James,Birmingham,44,Female,deborahthomson@example.org,2024-12-27
C0063,Aimee Turner,Liverpool,31,Female,derek21@example.com,2024-05-15
C0064,Conor Powell,London,28,Female,mary12@example.org,2023-10-23
C0065,Mohammed Barker-Cooper,London,42,Female,towen@example.org,2025-12-19
C0066,Molly Wood-Morton,Liverpool,36,Female,stevensduncan@example.net,2023-07-24
C0067,Mr Leigh Todd,Sheffield,60,Female,gburton@example.net,2023-07-30
C0068,Ms Angela Wilson,Birmingham,30,Female,natalie41@example.com,2026-03-14
C0069,Mrs Gillian Vincent,Leeds,21,Male,maryrobinson@example.org,2024-10-14
C0070,Anne Jones,Edinburgh,21,Male,emills@example.org,2025-02-04
C0071,Ms Bethan Patel,Cardiff,48,Male,jmartin@example.com,2025-03-04
C0072,Brandon Slater,London,50,Male,forsterkathryn@example.com,2024-04-18
C0073,Joyce Jones,Birmingham,22,Male,adriancollins@example.net,2025-08-17
C0074,Mr Michael Stewart,Leeds,43,Male,josephthomas@example.net,2024-06-18
C0075,Mr Nathan Sharp,Cardiff,33,Male,justinhammond@example.com,2024-01-03
C0076,Brett Williams,Cardiff,23,Female,rwilliams@example.org,2025-05-29
C0077,Melissa Williams-Burns,Cardiff,54,Female,jonathanhughes@example.org,2025-07-03
C0078,Douglas Hill-Green,Bristol,31,Female,chapmanyvonne@example.net,2025-04-13
C0079,Dr Bryan Young,Leeds,34,Female,dhill@example.com,2026-05-28
C0080,Roy Roberts,Birmingham,60,Female,brandonjackson@example.com,2025-06-03
C0081,Kim Thomas,Liverpool,38,Male,stephen93@example.net,2025-03-29
C0082,Peter Chan-Taylor,London,47,Male,matthewpreston@example.org,2025-07-31
C0083,Bethany Hunter,Manchester,52,Male,morganjack@example.org,2025-12-31
C0084,Miss Carole Green,Sheffield,34,Male,lawrence79@example.org,2025-08-30
C0085,Nicole Summers-Jackson,Edinburgh,22,Male,jdavis@example.net,2025-06-26
C0086,Fiona Parker-Hill,Edinburgh,36,Male,frances74@example.com,2024-10-09
C0087,Charlene Phillips-Murray,Liverpool,52,Female,frenchabbie@example.net,2024-09-15
C0088,Connor Wright,Cardiff,69,Male,williamsphilip@example.org,2023-09-15
C0089,Harry Simpson,Sheffield,37,Male,williamsjanet@example.net,2023-08-15
C0090,Mr David Andrews,Birmingham,34,Male,gillleonard@example.org,2024-10-17
C0091,Dr Ricky Ryan,Manchester,65,Male,josephineschofield@example.net,2023-06-23
C0092,Joshua Davis,Bristol,36,Male,annbailey@example.com,2023-08-23
C0093,Elliott Freeman-James,Edinburgh,31,Female,owenalice@example.org,2023-12-22
C0094,Kirsty Simmons,Sheffield,49,Female,melaniehenderson@example.org,2025-12-29
C0095,Mrs Caroline Brown,London,23,Female,vberry@example.com,2025-03-04
C0096,Hayley Hutchinson,Bristol,20,Male,pakhtar@example.org,2024-10-27
C0097,Dr Reece Gray,Edinburgh,67,Male,mohamedcox@example.net,2025-09-07
C0098,Amelia Hughes,Bristol,28,Female,orice@example.org,2024-10-09
C0099,Ms Ellie Randall,Sheffield,63,Female,caroline01@example.org,2026-02-27
C0100,Miss Chloe Hunter,Sheffield,18,Male,odonnelly@example.org,2025-10-24
C0101,Miss Maria Hayward,Manchester,62,Male,qcross@example.org,2024-10-30
C0102,Lynne Hayward,Sheffield,20,Female,jwalker@example.com,2025-05-31
C0103,Louise Thomas,Cardiff,53,Male,hopkinsleah@example.net,2023-07-15
C0104,Rachel Smith-Smith,Glasgow,26,Male,geraldinedavies@example.com,2024-06-28
C0105,Irene Pritchard,Bristol,41,Male,antony44@example.org,2025-07-08
C0106,Glenn Cooper,Edinburgh,31,Male,harrisonelaine@example.net,2026-03-17
C0107,Vincent Wilkinson,Manchester,40,Female,parkerjulian@example.net,2025-06-18
C0108,Colin Heath-Buckley,Cardiff,65,Male,asingh@example.com,2023-10-15
C0109,Mr Connor Williams,Leeds,28,Male,nathanbradley@example.org,2023-08-03
C0110,Lynda Williams,Glasgow,19,Male,evansvanessa@example.net,2025-11-28
C0111,Gareth Wheeler,Edinburgh,68,Female,jenna36@example.org,2024-07-01
C0112,Dr Lisa Warner,Leeds,35,Male,marcuslyons@example.net,2024-10-14
C0113,Dr Lee Nash,Manchester,42,Male,mossjasmine@example.net,2024-02-16
C0114,Antony Summers,Liverpool,32,Male,johnsonmarilyn@example.com,2026-03-29
C0115,Mr Keith James,Liverpool,40,Female,melanie63@example.net,2025-04-07
C0116,Dr Marie Lewis,Leeds,32,Male,storeygeorgina@example.net,2026-02-14
C0117,Callum Holden,Leeds,43,Female,jemma42@example.com,2024-01-25
C0118,Eileen Peters-Simpson,Bristol,22,Female,byrnelouise@example.com,2024-07-25
C0119,Mr Denis Wallace,Edinburgh,59,Female,mwilliams@example.org,2026-03-11
C0120,Carl Gordon-Begum,Sheffield,39,Male,dmellor@example.net,2023-08-28
C0121,Gillian Noble,Manchester,34,Male,linda00@example.net,2026-03-02
C0122,Mr Graeme Johnson,Cardiff,34,Male,kevinbond@example.com,2024-02-29
C0123,Gareth Nelson,Manchester,56,Female,duffyoliver@example.org,2023-08-10
C0124,Miss Tina Barlow,Edinburgh,64,Female,georgiasmith@example.net,2023-07-16
C0125,Luke Roberts,Glasgow,56,Male,garry91@example.com,2024-11-18
C0126,Dr Callum Armstrong,Glasgow,54,Male,oparker@example.com,2026-04-20
C0127,Carl Herbert-Cunningham,Bristol,20,Female,robinlawrence@example.net,2026-02-27
C0128,Nicola Stone,London,51,Male,huntdarren@example.net,2025-01-01
C0129,Frank Francis,Edinburgh,45,Male,fordjoyce@example.com,2025-12-26
C0130,Lauren Holloway-Carter,Edinburgh,57,Female,linda27@example.org,2026-02-09
C0131,Dr Ashley Smith,Manchester,64,Female,scott87@example.org,2023-09-25
C0132,Mrs Dorothy Skinner,Sheffield,37,Female,wardandrew@example.org,2025-04-24
C0133,Victoria Cooper,Edinburgh,43,Female,phowells@example.net,2025-04-19
C0134,Mr Graeme Chapman,Sheffield,26,Male,janetdodd@example.com,2023-11-22
C0135,Wendy Rogers-Ashton,Glasgow,60,Female,zpayne@example.com,2024-07-31
C0136,Jacob Newton,Birmingham,57,Female,hdavies@example.com,2025-03-29
C0137,Emma Bowen,Glasgow,53,Male,stevenjones@example.com,2024-11-16
C0138,Jennifer Adams,Bristol,36,Male,nicholsondale@example.net,2024-12-22
C0139,Katy King,Glasgow,68,Female,bethan97@example.org,2025-11-15
C0140,Katherine Lee,Liverpool,46,Female,orahman@example.com,2024-09-03
C0141,Molly Phillips,Leeds,50,Female,lroberts@example.net,2025-01-16
C0142,Mr Christopher Dean,Birmingham,60,Male,balljoanna@example.com,2026-02-15
C0143,Mr Mathew Randall,Bristol,50,Female,fordstephanie@example.net,2025-05-15
C0144,Andrew Bell,Manchester,70,Male,clarkethomas@example.org,2023-12-06
C0145,Chelsea Marshall,Bristol,32,Male,emoore@example.org,2024-10-23
C0146,Miss Marie Smith,Birmingham,19,Male,rsmith@example.org,2024-06-30
C0147,Katherine Thomas,Leeds,48,Male,staceyfry@example.com,2025-08-01
C0148,Josh Field,Liverpool,44,Male,ncoates@example.org,2025-06-19
C0149,Catherine O'Donnell,Glasgow,49,Female,kingstewart@example.org,2023-07-17
C0150,Eleanor Reed-Hill,Leeds,27,Male,xwalker@example.net,2025-05-16
C0151,Colin West,Manchester,67,Female,jenkinsjoan@example.net,2024-12-25
C0152,Mrs Mandy Moore,Leeds,29,Female,graemefuller@example.org,2025-01-31
C0153,Rosemary Wood,London,53,Male,lrahman@example.org,2026-06-08
C0154,Mohammed Haynes,Manchester,47,Male,frank61@example.net,2025-05-25
C0155,Joe Taylor,Liverpool,60,Female,geraldine13@example.net,2023-10-08
C0156,Lawrence Page-Sanders,Liverpool,57,Female,leachirene@example.org,2024-12-30
C0157,Dr Kyle Jones,Sheffield,46,Male,crichardson@example.com,2023-09-21
C0158,Simon Davies-Begum,Liverpool,46,Female,martinjohn@example.org,2026-04-01
C0159,Alex Morgan,Leeds,58,Female,annewallace@example.com,2024-12-31
C0160,Dorothy Lawrence-Armstrong,Sheffield,49,Male,marilyn53@example.org,2023-08-21
C0161,Ruth Wilson,Bristol,46,Male,nobleanna@example.net,2023-06-21
C0162,Max Gould,Bristol,33,Female,robert56@example.net,2023-12-09
C0163,Mrs Katherine Jones,Edinburgh,38,Male,dsmith@example.com,2025-08-12
C0164,Kirsty Shah-Begum,Birmingham,27,Male,kellydominic@example.org,2023-06-30
C0165,Mrs Lauren Spencer,Glasgow,62,Male,dianepowell@example.org,2025-10-04
C0166,Carolyn Baker,Leeds,22,Female,dkaur@example.net,2025-09-13
C0167,Geraldine Kennedy,Glasgow,39,Female,wgibson@example.org,2024-06-28
C0168,Dr Amanda Clark,Glasgow,21,Male,allenmichael@example.com,2024-02-09
C0169,Bryan Watson,Glasgow,42,Male,francesca77@example.org,2026-03-24
C0170,Dr Joe Smith,Cardiff,42,Female,vrobson@example.org,2025-09-23
C0171,Dr Sharon Wilson,London,40,Female,wclarke@example.org,2025-07-16
C0172,Mrs Lesley Mitchell,Glasgow,44,Male,walkerglenn@example.com,2025-08-16
C0173,Clifford Watkins,Liverpool,32,Female,barrettharriet@example.net,2024-06-02
C0174,Aaron Slater,Glasgow,49,Male,fordjoshua@example.net,2025-01-06
C0175,Harry Jones,Glasgow,39,Female,arthurthomas@example.com,2024-07-19
C0176,Miss Jessica Thomas,Birmingham,47,Male,patriciafoster@example.org,2024-11-01
C0177,Dale Carter,Cardiff,52,Male,kobrien@example.org,2024-04-10
C0178,Lorraine Russell,Glasgow,55,Male,rosemary36@example.com,2023-08-27
C0179,Shannon Cross,Manchester,59,Female,valerie21@example.org,2024-08-17
C0180,Laura McKenzie,Birmingham,47,Male,clive25@example.org,2024-04-04
C0181,Dr Sam West,London,34,Female,lesleyhancock@example.net,2024-09-04
C0182,Ms Abbie Brookes,Edinburgh,31,Female,gjohnson@example.net,2024-02-04
C0183,Dr Lindsey Johnson,Edinburgh,39,Female,yford@example.net,2026-05-01
C0184,Geoffrey Chan,Bristol,66,Female,walkerellie@example.com,2023-12-17
C0185,Dr Patrick Wheeler,Bristol,23,Female,justin44@example.org,2024-04-07
C0186,Hazel Welch-Hamilton,London,65,Male,phillip31@example.org,2023-10-29
C0187,Julia Wood,Edinburgh,32,Male,graeme03@example.com,2025-03-06
C0188,Mr Mathew Green,London,66,Male,yrogers@example.com,2025-07-27
C0189,Francesca Morris,Leeds,30,Male,lesleyhawkins@example.org,2023-06-26
C0190,Joan Williams,Cardiff,27,Male,sgeorge@example.net,2024-02-03
C0191,Carol Skinner,Birmingham,48,Male,ncook@example.net,2023-10-02
C0192,Callum Griffiths-Kennedy,Cardiff,31,Female,nicholas42@example.org,2024-09-26
C0193,Joseph Arnold,Bristol,67,Female,clarknigel@example.com,2024-06-29
C0194,Keith Kay,Birmingham,56,Male,bthornton@example.com,2024-04-04
C0195,Richard James,Birmingham,37,Male,fhughes@example.com,2023-06-21
C0196,Georgina Taylor,Cardiff,19,Female,xpatel@example.net,2023-12-29
C0197,Terry Atkinson-Edwards,Cardiff,61,Female,rogersgeorge@example.net,2024-07-18
C0198,Rosie Scott,Glasgow,63,Male,blee@example.net,2025-04-25
C0199,Geraldine Carter-Smith,Manchester,55,Male,kfarrell@example.com,2026-01-01
C0200,Clare Woods,Manchester,62,Female,ncook@example.com,2024-11-26
C0201,Leigh Robinson-Wood,Cardiff,69,Male,jameslindsey@example.org,2025-10-26
C0202,Gerald Thompson-Hartley,Cardiff,68,Male,junecooper@example.com,2024-09-16
C0203,Lynne Bond,Edinburgh,52,Female,tom93@example.net,2025-09-05
C0204,Dr Jack Gilbert,Edinburgh,22,Female,houghtonroy@example.org,2024-06-17
C0205,Kerry Morris,London,44,Female,townsenddaniel@example.net,2023-12-25
C0206,George Gray,Manchester,45,Female,bbrennan@example.com,2025-05-18
C0207,Katy Ellis-Elliott,Liverpool,63,Male,jmacdonald@example.org,2026-02-27
C0208,Gordon Fisher,Glasgow,29,Female,carlywalker@example.com,2024-01-04
C0209,Donald Taylor,Cardiff,69,Female,yvonne18@example.com,2025-10-18
C0210,Eleanor Parsons,Liverpool,45,Female,iqbaljanice@example.org,2024-08-13
C0211,Kevin Wilson,Edinburgh,33,Male,irichardson@example.com,2025-10-31
C0212,Ellie Cox,Bristol,46,Male,morrisgail@example.net,2024-12-25
C0213,Tracey Patel,Liverpool,54,Female,tjohnson@example.net,2023-08-10
C0214,Shannon Phillips,Edinburgh,19,Female,alexandra63@example.net,2024-09-14
C0215,Alexandra Richards,Edinburgh,29,Female,poolecharlotte@example.net,2026-02-21
C0216,Emma Campbell,Leeds,40,Female,rosie11@example.org,2025-03-18
C0217,Clive Cooper,Edinburgh,35,Female,elliottmorgan@example.org,2024-02-06
C0218,Dr Bryan Smith,Sheffield,18,Male,junemacdonald@example.com,2024-06-22
C0219,Tina Smith,Manchester,33,Female,lesley02@example.org,2025-11-25
C0220,Hilary Whittaker,Liverpool,53,Male,hawkinsleon@example.org,2024-10-13
C0221,Roy Hyde,Liverpool,59,Female,mariabrown@example.com,2023-07-02
C0222,Amanda Dixon,Liverpool,68,Male,rbishop@example.net,2026-03-07
C0223,Mrs Sarah Marshall,Manchester,36,Male,thompsonhayley@example.net,2024-03-24
C0224,Joel Cox,Glasgow,62,Male,gary13@example.net,2025-02-22
C0225,Mrs Molly Singh,Bristol,60,Female,wturner@example.com,2023-10-24
C0226,Lynn Harrison,Liverpool,53,Female,kathleen52@example.org,2023-08-05
C0227,Olivia Law,Glasgow,65,Female,teresa31@example.org,2023-10-11
C0228,Wendy Lewis-Woodward,Edinburgh,62,Female,leewhite@example.org,2025-04-18
C0229,Mr Vincent Parker,Bristol,37,Female,andreabooth@example.com,2025-02-15
C0230,Dr Howard Young,Leeds,25,Male,marc33@example.net,2026-02-25
C0231,Louis Walsh,Edinburgh,25,Male,bakercatherine@example.net,2025-01-29
C0232,Dr Roy Foster,Leeds,31,Female,morrishollie@example.com,2025-11-15
C0233,Michelle Hayes,Bristol,64,Female,tracy63@example.net,2025-08-21
C0234,Mrs Annette Pugh,Manchester,30,Female,vincentadam@example.com,2024-10-12
C0235,William Davies,Leeds,41,Male,phumphreys@example.org,2024-10-31
C0236,Rita Hanson,Bristol,18,Male,samantha67@example.net,2023-08-01
C0237,Graham Palmer,Bristol,20,Male,bruceknight@example.com,2026-05-27
C0238,Hollie Freeman,Sheffield,36,Male,mollybarker@example.net,2025-10-03
C0239,Gerald Rose,Liverpool,24,Male,connorwilliams@example.net,2024-01-31
C0240,Graeme Power,Cardiff,36,Female,phillipsbryan@example.com,2025-10-18
C0241,Mr Nicholas Robinson,Liverpool,46,Female,lawrence46@example.org,2025-03-19
C0242,Kathleen Mitchell,Birmingham,21,Female,abdulsmith@example.org,2023-12-31
C0243,Miss Lindsey Reed,Liverpool,25,Male,brichardson@example.net,2025-07-12
C0244,Ellie Hurst,Glasgow,49,Male,alex88@example.org,2025-09-13
C0245,Lesley Williams,Cardiff,58,Male,katenaylor@example.com,2026-02-13
C0246,Dr Trevor Elliott,Birmingham,27,Female,mandy55@example.org,2024-07-28
C0247,Frederick Chambers,Manchester,33,Male,owalker@example.org,2023-08-05
C0248,Dr Abdul Jones,Sheffield,66,Female,amandajennings@example.org,2025-08-23
C0249,Sean Carroll,Cardiff,56,Male,martinmaureen@example.org,2023-07-09
C0250,Robin Warren,Sheffield,42,Female,evansjay@example.com,2023-09-12
C0251,Ms Joanna Robertson,Liverpool,37,Female,rwilliams@example.org,2023-08-21
C0252,Callum Hall,Bristol,54,Male,reidcharlie@example.net,2024-09-26
C0253,Nigel Mann,Cardiff,65,Male,victor50@example.com,2023-08-20
C0254,Angela Fuller-Harper,Leeds,58,Male,powellchloe@example.org,2024-03-16
C0255,Frank Kemp,Bristol,60,Male,dchapman@example.net,2023-07-16
C0256,Eileen Powell,Birmingham,33,Male,joansmith@example.com,2025-02-02
C0257,Kieran Hayes,Sheffield,22,Male,halljacob@example.net,2025-11-23
C0258,Michael Jones,London,44,Female,harryharris@example.com,2024-10-03
C0259,Kieran Dixon,Cardiff,48,Female,jeremy95@example.org,2024-08-31
C0260,Steven Bell,London,32,Female,davisjill@example.com,2026-04-05
C0261,Mr Julian Holland,Bristol,62,Female,annettebarlow@example.net,2025-01-18
C0262,Dr Abdul Wright,Manchester,61,Male,carterpatrick@example.com,2024-09-10
C0263,Dr Tracy Nelson,Bristol,68,Male,eholland@example.net,2024-01-04
C0264,Charlene Scott,Glasgow,25,Male,tomlinsonrichard@example.com,2023-10-13
C0265,Debra Jarvis,Birmingham,35,Male,gareth10@example.com,2023-07-15
C0266,Lee Yates-Brown,Manchester,21,Male,martin65@example.com,2025-12-29
C0267,Ann Perry-Ahmed,Bristol,56,Female,stuart33@example.net,2023-09-07
C0268,Mr Shaun Brown,Liverpool,25,Female,annfraser@example.org,2025-10-26
C0269,Amber Hanson,Bristol,62,Female,annewatson@example.org,2025-08-12
C0270,Mr Malcolm Hammond,Bristol,50,Female,elong@example.org,2025-01-05
C0271,Robert Harvey,Liverpool,23,Male,hayleytaylor@example.org,2024-04-14
C0272,Declan Lee,Glasgow,65,Female,valeriegill@example.org,2024-01-06
C0273,Sam Kelly-Welch,Cardiff,34,Male,begumjoseph@example.net,2024-04-17
C0274,Mr Julian Bates,Manchester,32,Male,vwilliams@example.net,2023-10-20
C0275,Dr Damien Elliott,Bristol,54,Male,grahamcheryl@example.com,2024-11-18
C0276,Dr Amelia Hayes,Birmingham,48,Female,shaunjoyce@example.net,2024-05-26
C0277,Gerald Jenkins,Bristol,29,Female,bparsons@example.net,2024-09-07
C0278,Ryan Jones,Liverpool,23,Female,coxpatrick@example.net,2025-07-02
C0279,Brenda Mason-French,Edinburgh,44,Female,hayleyreynolds@example.com,2025-10-19
C0280,Irene Hayward,Edinburgh,60,Male,jmitchell@example.net,2023-11-13
C0281,Samantha Reeves,Birmingham,39,Female,myersfrances@example.org,2026-01-26
C0282,Ms Abbie White,Liverpool,36,Female,jacqueline04@example.org,2023-09-11
C0283,Conor Pugh,Sheffield,20,Female,tracypalmer@example.org,2025-03-22
C0284,Lorraine Moore,Manchester,38,Female,rogerjones@example.com,2025-05-09
C0285,Charlotte Smith,Edinburgh,25,Female,njohnson@example.com,2026-03-27
C0286,Dr Lawrence Wells,Sheffield,70,Male,amber18@example.org,2025-04-17
C0287,Jayne Mills,Sheffield,47,Female,peterkhan@example.org,2023-10-19
C0288,Dr Harry Welch,London,30,Female,juliamorgan@example.org,2023-07-01
C0289,Mrs Joan Thomas,Cardiff,66,Female,stephenfreeman@example.org,2023-09-20
C0290,Dean Gregory-Watts,Liverpool,66,Male,abarlow@example.org,2026-04-19
C0291,Glenn Griffiths,Leeds,35,Male,jonesmaurice@example.com,2024-01-03
C0292,Beth Walker-Harrison,Bristol,46,Female,stuartsmith@example.org,2026-04-17
C0293,Ms Suzanne Kirby,Manchester,19,Male,evansjulie@example.net,2023-11-22
C0294,Mr Malcolm Randall,Birmingham,37,Male,ahmedfrederick@example.com,2023-07-16
C0295,Paul Godfrey-Davis,Sheffield,44,Male,uhowells@example.org,2024-10-17
C0296,Adrian Dobson,Leeds,25,Female,howardtaylor@example.org,2024-11-23
C0297,Gillian Begum,Manchester,59,Male,jamesmann@example.org,2024-05-11
C0298,Valerie Newman,Liverpool,63,Female,donaldpatel@example.net,2023-12-24
C0299,Dr Julian Baxter,Sheffield,63,Female,carterjanice@example.org,2024-06-01
C0300,Mr Trevor Sharp,Glasgow,48,Female,jade17@example.com,2026-03-19
C0301,Derek Allan,Leeds,47,Male,brandonhopkins@example.org,2023-09-11
C0302,Mr Marcus James,Glasgow,30,Male,scottjack@example.org,2024-07-31
C0303,Howard Smith,Manchester,35,Female,deborah60@example.net,2024-04-30
C0304,Lucy Mills,Edinburgh,68,Female,shanelewis@example.org,2025-06-10
C0305,Max Tomlinson,London,36,Female,vbaker@example.com,2024-08-07
C0306,Hilary Holden,Cardiff,55,Female,eleanorgregory@example.org,2023-10-07
C0307,Heather Bowen,Birmingham,46,Female,phillipssally@example.net,2026-02-26
C0308,Sian Martin,Edinburgh,39,Female,matthewbaldwin@example.org,2025-09-20
C0309,Leanne Williamson,Liverpool,38,Male,vsmith@example.net,2024-09-05
C0310,Ian Harris,Leeds,54,Female,dnicholson@example.com,2025-02-06
C0311,Sheila McCarthy,Leeds,67,Female,edward25@example.org,2025-11-27
C0312,Phillip Thomas,London,38,Female,edwardsnicola@example.net,2023-10-16
C0313,Frederick Stanley,Glasgow,42,Male,yatesstacey@example.org,2025-05-24
C0314,Olivia Grant,Liverpool,20,Male,kaurmax@example.com,2026-04-01
C0315,Norman Middleton,Sheffield,55,Female,mathewclark@example.org,2025-06-16
C0316,Mr John Middleton,Manchester,46,Male,jeremyclements@example.net,2026-01-09
C0317,Mr Arthur Iqbal,Sheffield,47,Male,uoliver@example.net,2023-06-23
C0318,Mr Dylan Coleman,Birmingham,44,Male,wmorgan@example.org,2023-06-25
C0319,Ms Rachel Mills,Manchester,48,Female,frederickwall@example.com,2026-02-03
C0320,Dr Mark Hayes,Edinburgh,57,Female,tomoliver@example.net,2026-04-19
C0321,Dr Katy Whittaker,Manchester,39,Female,sandersfrancesca@example.com,2024-11-09
C0322,Dawn Bradley,Edinburgh,58,Female,jnicholson@example.org,2024-09-04
C0323,Mr Jonathan Jones,Sheffield,20,Male,hugh14@example.net,2023-10-19
C0324,Beverley Bishop,Leeds,58,Female,kevin31@example.org,2024-10-23
C0325,Joshua Smith-George,Leeds,65,Male,mitchell09@example.org,2024-09-03
C0326,Suzanne Bailey,Glasgow,24,Male,henryvictor@example.com,2023-09-11
C0327,Bryan May,Liverpool,28,Female,icarter@example.com,2023-08-31
C0328,Catherine Stone-Taylor,London,20,Female,margaretparker@example.net,2025-05-30
C0329,Mrs Grace Marsden,London,36,Female,lauren62@example.com,2023-08-12
C0330,Henry Fraser,Edinburgh,45,Male,emmagrant@example.net,2024-10-16
C0331,Olivia Thornton-Johnson,Leeds,51,Female,xspencer@example.com,2026-01-05
C0332,Lee Sanders,Cardiff,61,Male,kayalbert@example.com,2025-07-18
C0333,Elaine Watson,Birmingham,29,Male,rachel59@example.net,2024-12-10
C0334,Miss Rebecca Bradley,Cardiff,42,Male,pbrown@example.com,2025-12-23
C0335,Miss Jane Grant,Liverpool,55,Male,wardnathan@example.com,2023-10-30
C0336,Rachel Wood,Leeds,47,Female,cartercharlene@example.com,2024-02-11
C0337,Raymond Carey,Liverpool,34,Male,gordonsummers@example.com,2023-07-28
C0338,Marcus Abbott,Liverpool,36,Male,ijones@example.com,2024-04-30
C0339,Kate Lee-Stone,Manchester,46,Female,bennettgeoffrey@example.net,2024-02-08
C0340,Rosemary Pratt,Cardiff,37,Female,julie36@example.org,2025-01-08
C0341,Martyn Stephens,Bristol,47,Female,sara09@example.net,2024-05-02
C0342,Hannah Middleton,Leeds,42,Female,uwoods@example.net,2025-11-20
C0343,Ronald Skinner,Manchester,33,Female,mhumphreys@example.com,2024-05-04
C0344,Sian Wood,Cardiff,40,Female,slamb@example.com,2025-11-08
C0345,Mrs Janice Edwards,Bristol,19,Female,gibbonssheila@example.net,2023-09-13
C0346,Alexander Barnett,Bristol,18,Male,qkemp@example.com,2024-08-09
C0347,Kevin Brown,Cardiff,65,Female,freemanbenjamin@example.net,2024-09-09
C0348,Samuel Bentley,Bristol,67,Male,hancockbrenda@example.com,2026-03-23
C0349,Dylan Saunders,Cardiff,69,Female,antony17@example.com,2025-03-19
C0350,Mrs Wendy Butler,Leeds,58,Male,npearson@example.org,2025-05-16
C0351,Miss Ruth Taylor,Cardiff,34,Male,gordonwilliams@example.net,2024-12-07
C0352,Kate Mitchell,Manchester,58,Male,fostervincent@example.org,2023-11-02
C0353,Mr Gerard McKenzie,Bristol,68,Female,adrianstokes@example.org,2023-07-05
C0354,Mr Reece Douglas,London,55,Female,bellkaren@example.net,2025-08-25
C0355,Michael Walker,Birmingham,23,Female,roweheather@example.com,2025-12-01
C0356,Dr Jill Robson,Edinburgh,65,Female,sylvia55@example.net,2023-08-17
C0357,Carol Farmer,Birmingham,30,Male,bethanharvey@example.com,2024-01-18
C0358,Karen Thornton,Sheffield,41,Female,arthur05@example.com,2025-12-04
C0359,Mr Leonard Smith,Birmingham,34,Female,stonepaul@example.org,2023-11-02
C0360,Oliver Thomson,Bristol,65,Female,kathleenhicks@example.net,2024-08-11
C0361,Alison Smith-Robinson,Manchester,47,Male,tcooper@example.org,2023-07-25
C0362,Dr Graham Cox,Birmingham,66,Male,stonehayley@example.org,2024-04-25
C0363,Thomas Rowe-Martin,Glasgow,69,Female,mrobertson@example.com,2024-08-14
C0364,Norman Miah,Manchester,68,Female,njenkins@example.net,2023-08-15
C0365,Miss Denise Thompson,London,34,Male,katie16@example.net,2024-05-06
C0366,Timothy Thompson-Hope,Liverpool,41,Female,christopher59@example.net,2023-07-03
C0367,Debra Morgan,Cardiff,42,Female,williamsronald@example.com,2025-05-23
C0368,Yvonne Ross,Manchester,61,Male,leonard12@example.com,2023-10-22
C0369,Miss Bethany Flynn,Liverpool,19,Female,louiseedwards@example.com,2025-06-04
C0370,Kathleen Bishop,Cardiff,32,Male,zpowell@example.org,2026-05-12
C0371,Mr David Miles,Liverpool,62,Female,thomasgraham@example.org,2023-09-23
C0372,Miss Eleanor Lee,Glasgow,25,Male,qgibbs@example.com,2025-01-29
C0373,Stanley King,London,20,Female,williamsricky@example.com,2025-03-31
C0374,Dylan Townsend-Bond,Liverpool,25,Male,gilbertsharon@example.org,2025-10-26
C0375,Ms Josephine Taylor,Leeds,52,Male,jonesabdul@example.com,2024-01-05
C0376,Janet Jones,Glasgow,47,Female,jonesdamien@example.org,2026-01-02
C0377,Brian Nolan-Stewart,Sheffield,44,Male,benbailey@example.com,2024-05-31
C0378,Gemma Evans,Glasgow,59,Male,tina43@example.org,2024-12-10
C0379,Marilyn Cross,Liverpool,57,Female,vbrennan@example.net,2024-06-12
C0380,Conor Hardy,Bristol,20,Female,cliffordbray@example.com,2024-10-02
C0381,Amanda Cole-Coleman,Leeds,46,Female,leoncooper@example.org,2026-02-26
C0382,Mr Paul Poole,Leeds,41,Male,stacey12@example.org,2025-07-28
C0383,Ms Linda Ellis,Edinburgh,52,Female,oliver55@example.net,2023-07-11
C0384,Sally Scott,London,43,Female,douglasbarnett@example.org,2024-03-29
C0385,Jemma Hall-Turner,Leeds,25,Female,emiles@example.com,2025-07-20
C0386,Gerard Davies,Manchester,60,Male,laurennicholson@example.org,2025-03-19
C0387,Charles Carter-Lane,Cardiff,19,Male,dennishale@example.org,2026-06-10
C0388,Hazel Evans,Edinburgh,33,Male,rhunt@example.org,2023-08-30
C0389,Charlotte Craig,Cardiff,31,Male,williamshelen@example.net,2023-11-11
C0390,James Turner-Bond,Sheffield,31,Male,edwardwhite@example.net,2026-05-15
C0391,Russell Ashton,Leeds,39,Male,lawrence81@example.com,2025-04-30
C0392,Mr Garry Daly,Cardiff,18,Female,qgregory@example.net,2024-07-09
C0393,Julia Robertson,Birmingham,26,Female,zbarber@example.org,2026-02-15
C0394,Eleanor Owen,Birmingham,25,Male,griffithsfrank@example.com,2024-06-08
C0395,Mrs Harriet Foster,Birmingham,18,Female,katherinewinter@example.com,2024-11-23
C0396,Kathryn Spencer-Daniels,Leeds,55,Female,stevenwright@example.net,2025-08-08
C0397,Ms Katie Turner,London,29,Female,dwatts@example.net,2026-06-08
C0398,Dr Stephanie Thompson,London,26,Female,bryan66@example.org,2025-09-12
C0399,Glen Peacock,Sheffield,25,Male,zhamilton@example.net,2025-11-01
C0400,Mr Bryan Evans,Liverpool,46,Female,mtomlinson@example.com,2025-11-10
C0401,Denise Holt,Sheffield,55,Male,mannlauren@example.net,2025-01-07
C0402,Mark Blake,Liverpool,50,Male,rosie13@example.net,2026-05-22
C0403,Joseph James,Cardiff,20,Female,xali@example.com,2024-03-28
C0404,Alex Smith,Liverpool,59,Male,douglaslinda@example.com,2025-02-03
C0405,Dr James Young,London,48,Female,lynne19@example.org,2025-02-16
C0406,Dr Geoffrey Taylor,Glasgow,61,Male,jane47@example.com,2025-07-20
C0407,Harry Hall,Liverpool,63,Female,jonesbeth@example.com,2023-08-23
C0408,Dylan Lewis,Manchester,23,Female,xmoore@example.com,2025-08-01
C0409,Matthew Martin,Cardiff,27,Male,abbiefrench@example.com,2026-05-04
C0410,Lesley Wood-Mason,Birmingham,35,Female,zhughes@example.net,2024-11-17
C0411,Sian Grant,Glasgow,56,Female,bethany38@example.com,2024-02-12
C0412,Dr Leon Price,Liverpool,50,Female,danderson@example.com,2025-08-06
C0413,Simon Collins,Manchester,68,Male,gwalker@example.net,2024-08-17
C0414,Jonathan Hooper-Moore,Sheffield,64,Male,abdulday@example.org,2025-07-30
C0415,Dawn Chadwick,Glasgow,46,Male,natalieallen@example.org,2026-03-18
C0416,Dr Brenda Wall,Glasgow,39,Female,marcuscooke@example.com,2025-09-02
C0417,Bethany Norris,Glasgow,44,Male,griffithscarole@example.com,2025-11-27
C0418,Christine Richards,Edinburgh,45,Female,lucyquinn@example.net,2024-01-25
C0419,Mr Trevor Jones,Bristol,41,Male,philipchambers@example.net,2025-07-03
C0420,Jacob Burgess-Birch,Liverpool,22,Male,henryholden@example.net,2025-11-26
C0421,Geraldine Barber,Manchester,23,Female,leahward@example.net,2023-09-29
C0422,Hilary Wilson,Manchester,65,Female,jacob81@example.com,2025-03-08
C0423,Beth Watts-Poole,Birmingham,53,Male,cameronharris@example.org,2024-12-01
C0424,Bradley Miller,Cardiff,53,Female,walkervictoria@example.org,2024-07-23
C0425,Beverley Black,Manchester,44,Female,woodsdeborah@example.org,2023-08-15
C0426,Frederick Johnson,Glasgow,64,Male,arthur72@example.org,2024-05-04
C0427,Henry Richards-Hughes,Bristol,56,Female,kylehussain@example.com,2025-03-13
C0428,Trevor Edwards,Edinburgh,24,Male,richardsonjoanne@example.com,2025-03-18
C0429,Denise Porter,Birmingham,60,Female,scottdawson@example.org,2025-08-12
C0430,Dr Harry Carr,Leeds,24,Female,lewishugh@example.org,2024-08-23
C0431,Dr Vanessa Williams,Sheffield,41,Male,jamie49@example.com,2025-11-21
C0432,Marie Jones,Bristol,54,Male,iainwade@example.net,2025-06-21
C0433,Steven Jones,Glasgow,53,Male,bartonnatasha@example.net,2026-04-28
C0434,Leanne Ali,Cardiff,60,Female,katherine72@example.com,2024-02-04
C0435,Dr Henry Kay,London,29,Female,timothy74@example.org,2026-01-17
C0436,Dr Kirsty Wright,Bristol,39,Female,bernard46@example.org,2025-11-13
C0437,Stephanie Baker,London,29,Male,gordonwalker@example.com,2023-08-07
C0438,Bethan Hall,Cardiff,60,Female,mollymiles@example.com,2023-07-12
C0439,Mrs Sophie Miah,Manchester,27,Male,hayneseileen@example.org,2025-02-10
C0440,Kevin Brown,Manchester,65,Male,janice46@example.org,2024-06-02
C0441,Eleanor Jones,Glasgow,44,Female,brenda46@example.net,2023-08-26
C0442,Richard Hewitt,Edinburgh,28,Female,denise65@example.net,2024-07-20
C0443,Dr Graeme Kirk,Bristol,64,Female,carole47@example.net,2026-01-12
C0444,Mr Sean Evans,Cardiff,56,Male,carol51@example.org,2024-09-14
C0445,Julie Thorpe-Rees,London,27,Male,jlewis@example.net,2024-12-04
C0446,Justin Jones-Bruce,Cardiff,21,Male,alees@example.com,2024-02-10
C0447,Robert Simpson,Bristol,46,Female,francisshannon@example.com,2025-10-31
C0448,Mrs Kayleigh Little,Liverpool,56,Female,rharding@example.net,2025-05-27
C0449,Joan Norris,Glasgow,35,Male,janet30@example.org,2024-11-18
C0450,Kerry Fisher,Sheffield,25,Female,qholloway@example.com,2025-06-13
C0451,Rita Booth,Glasgow,25,Female,victoria13@example.org,2025-09-13
C0452,Judith Smith,Cardiff,49,Female,gprice@example.net,2024-01-27
C0453,Carolyn Nicholson,London,32,Female,jakeclark@example.net,2025-09-28
C0454,Yvonne Walton,Cardiff,21,Male,eleanorwong@example.com,2023-09-01
C0455,Nathan Hussain-Owens,Leeds,37,Male,junemorgan@example.net,2025-09-21
C0456,Dr Nigel Murphy,Birmingham,66,Female,krose@example.com,2023-12-12
C0457,Marian Stephenson,Bristol,38,Male,aaron86@example.net,2025-04-30
C0458,Emily Rice,London,49,Female,dixonryan@example.org,2025-10-23
C0459,Clive Mills,Birmingham,26,Female,karen37@example.org,2023-08-22
C0460,Jemma Richardson-Stevens,Sheffield,63,Male,gracejames@example.com,2025-01-18
C0461,Mr Danny Jackson,Sheffield,53,Female,barbaramanning@example.net,2025-05-10
C0462,Howard Williams,Manchester,43,Male,smithhollie@example.org,2025-09-01
C0463,Justin Singh,Glasgow,19,Female,harrisonnicole@example.com,2024-05-05
C0464,Mark Barlow,Manchester,38,Female,ashleighhayward@example.net,2023-08-06
C0465,Carl Iqbal,Cardiff,43,Female,andrea67@example.com,2024-09-15
C0466,Craig Walker,Bristol,25,Female,heathercarpenter@example.org,2026-02-23
C0467,Bruce Ahmed,London,38,Male,mauricewilliams@example.net,2023-07-19
C0468,Dr Mohammed Edwards,Cardiff,47,Female,kayleigh93@example.org,2025-09-09
C0469,Dr Martyn Thomas,Manchester,45,Male,zmorgan@example.com,2023-09-15
C0470,Ben Burke,Leeds,45,Female,charlotteward@example.net,2025-05-13
C0471,Luke Mason-Gallagher,Sheffield,23,Female,lee23@example.net,2025-05-13
C0472,Glenn Connolly,Bristol,65,Female,jonesnaomi@example.net,2025-10-19
C0473,Mr Trevor Allen,Leeds,39,Male,bakerteresa@example.com,2024-08-13
C0474,Nathan Davis-Fox,Manchester,50,Male,cfletcher@example.org,2025-12-30
C0475,Sharon Richardson,Sheffield,50,Male,gjames@example.net,2023-08-13
C0476,Amelia Lee,Edinburgh,40,Male,frank82@example.net,2023-06-27
C0477,Timothy Young,Leeds,24,Male,joelevans@example.com,2023-12-28
C0478,Lawrence Jones,Bristol,30,Male,christian93@example.com,2024-06-01
C0479,Jake Hammond,Cardiff,27,Male,joankirk@example.com,2023-08-15
C0480,Alison Chambers,Birmingham,67,Female,murphypauline@example.net,2026-02-01
C0481,Ms Rachael Lewis,Liverpool,66,Female,valerie80@example.org,2026-02-23
C0482,Malcolm Morris,Cardiff,59,Female,holliegray@example.com,2026-05-09
C0483,Marilyn Arnold-Mason,Edinburgh,27,Female,stephanierichards@example.org,2023-08-01
C0484,Edward Anderson,Manchester,48,Female,francesca89@example.com,2023-10-26
C0485,Dr Andrew Morris,Bristol,68,Female,reedcharlotte@example.com,2023-11-23
C0486,Hugh Hawkins-Wade,Cardiff,21,Female,lorraine89@example.net,2026-06-13
C0487,Tom May,Sheffield,22,Female,pevans@example.org,2023-07-06
C0488,Leanne Bennett,Liverpool,46,Male,janeharrison@example.org,2025-07-23
C0489,Timothy Holt,London,41,Female,ppearson@example.org,2023-07-05
C0490,John Thomas,Manchester,59,Male,gemmaingram@example.com,2023-11-17
C0491,Jordan Carter,Cardiff,56,Female,zkirby@example.net,2024-02-24
C0492,Mr Owen Walker,Liverpool,55,Male,amy71@example.com,2025-10-23
C0493,Mrs Melanie Hartley,Liverpool,69,Male,halemichelle@example.net,2024-07-13
C0494,Pauline Davies,Edinburgh,56,Female,billy36@example.net,2024-03-27
C0495,Paula Newman-Graham,Sheffield,27,Male,lucysharp@example.org,2024-02-10
C0496,Mr Jack Holmes,Liverpool,24,Female,reedbenjamin@example.net,2025-04-21
C0497,Nicola Kennedy,Manchester,50,Male,kierannewman@example.net,2025-11-28
C0498,Leonard Thompson-Hooper,London,33,Female,fordcarol@example.net,2024-06-08
C0499,Kieran Kirby,Liverpool,51,Male,nfoster@example.org,2023-11-17
C0500,David Smith,Edinburgh,41,Female,dawngreen@example.org,2026-02-13
C0501,Julian Peters,Glasgow,44,Female,webblindsey@example.com,2024-08-05
C0502,Alison Brown,Cardiff,21,Female,mlewis@example.com,2024-05-17
C0503,Ruth Brown,Manchester,39,Male,zmitchell@example.com,2023-08-04
C0504,Gail Spencer-Price,Sheffield,61,Female,glen69@example.org,2024-09-19
C0505,Mr Marc Jones,Bristol,34,Male,georgina63@example.com,2025-06-14
C0506,Marc Walters,Edinburgh,23,Male,debrahudson@example.net,2024-01-30
C0507,Glenn Barker,Edinburgh,37,Female,smithian@example.com,2025-03-17
C0508,Liam Griffin,Birmingham,56,Male,rosiebanks@example.com,2024-11-01
C0509,Gillian Woods,Bristol,53,Female,osullivanleonard@example.net,2026-02-17
C0510,Graeme Scott-Allen,Edinburgh,70,Male,leigh55@example.net,2025-11-19
C0511,Damien Dickinson-Hussain,Sheffield,23,Female,hurstjosephine@example.com,2025-11-17
C0512,Christine Kerr-Murphy,Sheffield,41,Male,brian64@example.com,2025-05-05
C0513,Margaret Freeman,Edinburgh,37,Male,alice71@example.com,2025-05-15
C0514,Sara Russell,Leeds,39,Female,hthomas@example.net,2025-02-04
C0515,Claire Murphy,Leeds,32,Male,thompsonmartyn@example.com,2024-03-13
C0516,Sian Randall-Davison,Birmingham,22,Female,zbrookes@example.org,2024-08-23
C0517,Mr Lawrence Gibbons,Manchester,50,Male,gibsonrita@example.net,2024-09-21
C0518,Martyn Hall,Edinburgh,67,Male,jonesjohn@example.net,2024-09-19
C0519,Clive Davies,Cardiff,42,Male,terence78@example.net,2026-05-03
C0520,Dr Naomi Bruce,Birmingham,29,Male,lorraine58@example.net,2026-02-04
C0521,Miss June Ellis,Liverpool,20,Female,jnewman@example.org,2023-07-02
C0522,Kathleen Walker,Edinburgh,61,Male,qlawrence@example.org,2025-06-02
C0523,Wayne Hawkins,Liverpool,57,Female,bedwards@example.org,2024-07-04
C0524,Peter Harrison-Sykes,Liverpool,32,Male,shahgarry@example.org,2025-08-25
C0525,Louis Williams,Bristol,69,Female,alex68@example.org,2023-06-18
C0526,Suzanne Elliott-Evans,Leeds,41,Female,vbarnes@example.com,2026-05-04
C0527,Jacob Akhtar,Liverpool,67,Female,julia80@example.org,2025-05-24
C0528,Maurice Taylor,Glasgow,50,Female,graham04@example.com,2025-02-06
C0529,Dr Ian James,Birmingham,70,Male,michaelevans@example.com,2024-07-15
C0530,Helen Murphy,Cardiff,26,Female,smithnathan@example.com,2023-10-13
C0531,Glen Bailey,London,59,Female,vtucker@example.com,2025-03-04
C0532,Martyn Naylor,Edinburgh,53,Male,townsendphillip@example.org,2023-11-27
C0533,Dr Tony Mills,Sheffield,25,Female,anthonyclarke@example.org,2023-12-19
C0534,Miss Maureen Taylor,Manchester,66,Male,louis78@example.org,2023-06-15
C0535,Janet Lowe,Bristol,46,Male,ewilson@example.net,2024-08-04
C0536,Sean Thompson,Glasgow,23,Male,qjackson@example.org,2025-12-05
C0537,Nicola Harding,Liverpool,40,Male,wrahman@example.net,2024-12-22
C0538,Joyce Byrne-Hall,Glasgow,21,Female,amanda81@example.org,2025-04-01
C0539,Rebecca Ward,Sheffield,41,Male,nicholsonvalerie@example.com,2023-08-24
C0540,Edward Gibbons,Glasgow,23,Female,ashleighking@example.net,2023-08-09
C0541,Francesca James,Leeds,19,Female,harriet24@example.net,2026-02-02
C0542,Dr Clive Campbell,Manchester,63,Female,holtstephanie@example.com,2024-06-30
C0543,Ms Georgina Moore,Birmingham,26,Male,reecebegum@example.org,2025-01-03
C0544,Maria Mason,Bristol,48,Male,hazel08@example.com,2026-05-05
C0545,Susan O'Sullivan-Spencer,Liverpool,46,Male,lauren99@example.com,2023-09-24
C0546,Jonathan Nixon,Manchester,19,Female,brownglenn@example.net,2024-06-12
C0547,Terence Watson,Leeds,27,Female,simpsonkatherine@example.org,2025-08-15
C0548,Helen Henderson,Manchester,67,Female,farmeremma@example.com,2023-08-31
C0549,Craig Taylor,Leeds,37,Male,jacksongregory@example.net,2023-06-28
C0550,Lindsey Lane,London,33,Female,geoffreybell@example.com,2025-01-22
C0551,Damian Francis,Cardiff,47,Male,marc59@example.com,2024-05-07
C0552,Ms Karen Smith,Manchester,49,Male,paulahancock@example.org,2025-12-13
C0553,Dr Teresa Hunter,Sheffield,54,Male,richard67@example.com,2025-02-20
C0554,Terence Bond,Birmingham,36,Female,david41@example.com,2024-11-10
C0555,Mathew Taylor,London,57,Female,howardsandra@example.net,2023-07-06
C0556,Dennis Reynolds,Leeds,54,Female,nicole51@example.org,2024-08-07
C0557,Dr Alan Jenkins,Birmingham,60,Male,simpsoniain@example.net,2024-11-21
C0558,Linda Jones,Sheffield,41,Male,stanley86@example.com,2024-08-12
C0559,Stuart Hale,Sheffield,52,Male,charlottetaylor@example.net,2026-06-10
C0560,Gareth Hancock,Glasgow,48,Male,rachelali@example.org,2026-04-28
C0561,Lucy Brown-Holmes,Glasgow,41,Female,teresa78@example.net,2024-08-04
C0562,Billy Davies,London,40,Male,rebecca34@example.net,2023-09-14
C0563,Molly Brown-Clarke,Edinburgh,33,Male,darrenedwards@example.org,2026-06-01
C0564,Iain Franklin-Barker,Cardiff,65,Female,joanlee@example.com,2024-03-04
C0565,Eileen Porter,Birmingham,20,Female,angela54@example.net,2025-07-23
C0566,Marilyn Harris,Sheffield,39,Male,robertsanna@example.net,2024-08-31
C0567,Anne Yates,Liverpool,62,Female,joycefox@example.org,2024-09-24
C0568,Vanessa Taylor,Birmingham,69,Male,sdouglas@example.com,2023-11-20
C0569,Gail Wilson,Manchester,63,Female,robinsontina@example.com,2024-02-25
C0570,Mrs Lauren Morris,London,36,Male,gail62@example.com,2024-11-05
C0571,Katherine Thomson,London,68,Male,byrnealice@example.com,2025-04-16
C0572,Bernard Davies-Moore,London,38,Female,cartermolly@example.org,2025-04-03
C0573,Dr Wayne Phillips,Sheffield,43,Female,gregory71@example.com,2025-10-03
C0574,Mr Glen Ellis,Bristol,20,Male,pshaw@example.com,2023-06-16
C0575,Abbie Jones,Bristol,40,Male,teresajohnson@example.org,2024-05-04
C0576,Mr Damian Dickinson,Edinburgh,35,Male,stonejoyce@example.net,2025-09-12
C0577,Louis Stevens,Edinburgh,45,Female,alex98@example.net,2024-10-16
C0578,Conor Wheeler-Carr,Liverpool,42,Female,xfoster@example.net,2026-05-30
C0579,Mr Victor Green,Birmingham,49,Female,clareprice@example.com,2024-04-27
C0580,Glenn Morris,Edinburgh,69,Female,ysaunders@example.org,2025-12-29
C0581,Mr Shane Fisher,Manchester,64,Female,carolrobinson@example.net,2025-03-18
C0582,Ms Eileen Jones,Manchester,45,Male,brian58@example.com,2024-08-28
C0583,Dr Leah Cox,Sheffield,36,Female,craig86@example.com,2025-04-14
C0584,Marilyn Cox,Manchester,23,Female,ellisrobert@example.com,2024-05-02
C0585,Hollie Bennett,Bristol,37,Female,hwhite@example.org,2024-06-27
C0586,Kate Wright,Cardiff,63,Female,marcuswilson@example.org,2026-04-17
C0587,Edward Marsh,Birmingham,62,Female,crichardson@example.org,2026-05-06
C0588,Dr Timothy Hopkins,Edinburgh,46,Male,matthew19@example.org,2024-09-28
C0589,Clifford Wright-Collins,Edinburgh,57,Female,annemurray@example.org,2024-05-29
C0590,Derek Taylor-Gould,Bristol,58,Male,fiona46@example.com,2026-01-12
C0591,Ms Molly Matthews,Manchester,60,Female,uhowarth@example.org,2024-11-09
C0592,Dr Glenn Lawson,Edinburgh,50,Male,glenkaur@example.org,2025-02-05
C0593,Debra Smith,London,27,Female,bwilkinson@example.net,2026-05-27
C0594,Miss Lydia White,London,26,Male,mariestewart@example.net,2026-04-26
C0595,Marian Andrews,Leeds,67,Female,qjackson@example.org,2026-05-07
C0596,Mr Jack Taylor,Edinburgh,42,Male,klees@example.net,2025-07-28
C0597,Janice Hargreaves,Cardiff,27,Female,nmorgan@example.com,2024-12-11
C0598,Dr Jake Booth,Edinburgh,41,Female,vanessa50@example.net,2025-10-30
C0599,Heather Davis,Manchester,54,Male,juliashort@example.org,2024-07-02
C0600,Samuel Knight,Sheffield,41,Female,claresmith@example.com,2026-03-27
C0601,Tracey Phillips,Edinburgh,59,Female,melissa57@example.net,2025-01-18
C0602,Charlie Edwards-Bradley,Leeds,25,Male,tobyrichards@example.org,2026-02-06
C0603,Mrs Judith Dunn,Birmingham,49,Female,dale70@example.org,2026-05-13
C0604,Miss Teresa Pearson,Sheffield,25,Female,jacqueline64@example.org,2026-02-17
C0605,Dr Kenneth Smith,Bristol,63,Female,olivermarsden@example.com,2023-08-14
C0606,Dr Christian Hayes,Leeds,57,Female,ywhitehouse@example.net,2024-03-06
C0607,Sian Watts,Liverpool,30,Male,ktalbot@example.net,2024-09-09
C0608,Hugh Robinson,Birmingham,22,Female,gregoryrichards@example.com,2025-07-10
C0609,Stewart Haynes,Birmingham,63,Female,parkerzoe@example.com,2026-05-11
C0610,Dr Geoffrey Cartwright,Manchester,69,Female,jtaylor@example.org,2024-01-11
C0611,Philip Bradley,Edinburgh,63,Male,judithjohnson@example.net,2026-03-10
C0612,Mr Shaun Walker,Sheffield,52,Female,kieranbrown@example.com,2023-06-18
C0613,Dr Lewis Wilkinson,Bristol,28,Male,ibutler@example.org,2024-08-10
C0614,Mrs Stacey Holden,Edinburgh,50,Male,joeandrews@example.com,2025-10-26
C0615,Jason Johnson-Kennedy,Manchester,30,Male,tholloway@example.org,2024-06-12
C0616,Mr Phillip Hall,Leeds,68,Female,william97@example.org,2025-11-20
C0617,Eleanor Morris,London,41,Female,tbaxter@example.org,2026-04-28
C0618,Caroline Buckley,Liverpool,69,Male,eward@example.net,2026-03-29
C0619,Cheryl Kelly,Cardiff,23,Male,ddixon@example.net,2024-01-15
C0620,Dr Marc Harris,Bristol,43,Female,johnjosephine@example.com,2025-08-19
C0621,Ms Emily Parry,Sheffield,44,Female,awebb@example.net,2025-05-18
C0622,Stuart Taylor,Cardiff,22,Male,suttonchloe@example.net,2023-12-22
C0623,Paige Bond,Edinburgh,59,Male,francescathomson@example.com,2025-03-09
C0624,Louise Davies,Liverpool,47,Female,mauricewilliams@example.org,2026-02-16
C0625,Kate Price,Birmingham,67,Male,julieblack@example.com,2023-06-21
C0626,Mr Jay Taylor,Birmingham,45,Male,robertstimothy@example.com,2023-06-25
C0627,Joel Wright,Manchester,51,Male,fcooper@example.org,2025-11-08
C0628,Ms Abigail Sullivan,Bristol,28,Male,eyoung@example.org,2025-01-19
C0629,Mrs Janet Morris,Edinburgh,63,Male,sharonahmed@example.net,2025-05-13
C0630,Annette Short,Edinburgh,51,Female,oliviawheeler@example.net,2024-08-27
C0631,Miss Kathleen Walker,Manchester,34,Male,lowealison@example.org,2024-05-09
C0632,Tina Winter,Sheffield,35,Male,xroberts@example.org,2026-06-11
C0633,Alexandra Gilbert,Bristol,57,Male,davidsonchristian@example.org,2023-07-12
C0634,Charlene Gill,Sheffield,59,Male,declan63@example.com,2026-05-13
C0635,Dr Lydia Anderson,Cardiff,55,Male,gilesjill@example.org,2025-07-07
C0636,Karl Woods,Birmingham,60,Female,cherylrobinson@example.com,2024-01-27
C0637,Carly Burke,Cardiff,20,Male,edavies@example.net,2025-06-24
C0638,Colin Farrell,Manchester,20,Female,lynne78@example.net,2023-11-30
C0639,Stewart Lewis,Leeds,67,Female,karen28@example.org,2024-03-31
C0640,Sandra Read,Cardiff,58,Male,luke66@example.org,2023-12-07
C0641,Miss Sian Cartwright,Liverpool,58,Female,hgreen@example.org,2026-04-23
C0642,Carole Hughes,Bristol,48,Male,higginskyle@example.com,2026-02-18
C0643,Bethan Davies,Glasgow,37,Female,tomlinsoncallum@example.com,2024-11-15
C0644,Beth Wheeler,Manchester,62,Male,ihart@example.net,2025-01-25
C0645,Carole Clarke,Birmingham,46,Female,bbrennan@example.com,2024-06-29
C0646,Christian Walters,Liverpool,47,Male,whittakerbrian@example.com,2024-10-18
C0647,Dr Matthew Porter,Edinburgh,56,Male,cbarker@example.com,2025-01-04
C0648,Dr Lee Cross,Edinburgh,63,Female,smithmarian@example.org,2024-08-14
C0649,Miss Danielle Allen,Edinburgh,43,Male,nichollspauline@example.com,2023-10-06
C0650,Brandon Smith,Edinburgh,50,Male,bburns@example.com,2024-05-30
C0651,Hollie Khan,Edinburgh,33,Female,bmorley@example.com,2025-06-19
C0652,Victor Johnson,Manchester,35,Female,mauricefarrell@example.org,2024-01-21
C0653,Lucy Smith,Leeds,27,Male,obarker@example.org,2025-06-29
C0654,Eileen Weston,London,36,Female,bethany32@example.net,2025-09-24
C0655,Miss Joanne Baker,Cardiff,44,Male,owilkinson@example.net,2023-06-23
C0656,Dr Brett Riley,Birmingham,70,Female,sbutler@example.org,2024-01-06
C0657,Adrian Sinclair,Cardiff,64,Female,sian07@example.org,2025-02-11
C0658,Miss Clare Boyle,Leeds,66,Male,benglover@example.net,2024-03-28
C0659,Amy Carter,Liverpool,50,Female,tracy26@example.net,2024-08-27
C0660,Dr Stuart Bell,Liverpool,37,Female,ijones@example.net,2025-04-09
C0661,Dr Karl Ahmed,London,23,Female,leah63@example.org,2026-02-14
C0662,Dr Joel Richardson,Sheffield,47,Male,vsheppard@example.net,2023-10-10
C0663,Adrian Joyce-Cole,Leeds,55,Female,ptucker@example.net,2024-10-05
C0664,Gail Gardiner,London,21,Female,yjones@example.com,2024-02-02
C0665,Carol Williamson,Liverpool,56,Female,shane62@example.net,2023-07-10
C0666,Grace Hawkins,Bristol,52,Male,luke81@example.net,2025-03-26
C0667,Patricia Matthews-Bird,Manchester,45,Male,gailsmith@example.net,2023-07-01
C0668,Melanie Hooper,Bristol,64,Female,gracefraser@example.com,2023-10-13
C0669,Dr Terence Rogers,Glasgow,41,Male,keith47@example.com,2024-01-07
C0670,Craig White,Glasgow,21,Male,uprice@example.com,2023-07-26
C0671,Rachel Smith,Edinburgh,53,Female,hfletcher@example.com,2025-05-03
C0672,Ross Henry,Manchester,42,Female,hopkinsgordon@example.com,2024-05-17
C0673,Stewart Stokes,Sheffield,35,Male,harrietmoore@example.com,2025-07-11
C0674,Wendy Simmons-Jones,Birmingham,24,Female,oclark@example.org,2024-07-20
C0675,Lydia Green,Edinburgh,68,Female,bethanmiah@example.org,2025-09-10
C0676,Teresa Allen,Sheffield,41,Male,iainpage@example.org,2025-06-30
C0677,Jack Scott-Kaur,Leeds,56,Female,mohammedbrown@example.org,2024-04-25
C0678,Derek Patel,Sheffield,20,Male,iingram@example.org,2024-09-01
C0679,Ms Rebecca Parkinson,London,26,Female,xkelly@example.net,2024-12-06
C0680,Mr Ross Williamson,Liverpool,51,Female,esmith@example.com,2023-11-19
C0681,Leah Chamberlain,Birmingham,56,Male,patellee@example.com,2024-02-23
C0682,Marion Hall-Dawson,Edinburgh,57,Female,gatkins@example.net,2024-04-06
C0683,Dr Josh Walker,Birmingham,43,Female,clive86@example.net,2026-02-10
C0684,Mr Patrick Poole,Cardiff,39,Female,mleonard@example.org,2025-12-26
C0685,Dr Kenneth Burton,Cardiff,37,Female,lewis84@example.org,2025-09-04
C0686,Jacob Williams,London,41,Female,simonjones@example.net,2025-07-12
C0687,Peter Lee,Manchester,44,Female,patrick49@example.com,2023-11-11
C0688,Pamela Miller,London,56,Female,lynnehussain@example.net,2025-07-09
C0689,Rachel Smith,Bristol,59,Male,tevans@example.org,2023-12-22
C0690,Kevin White,London,55,Female,dayliam@example.org,2025-10-21
C0691,Joshua Taylor,Birmingham,51,Female,simpsonbrenda@example.com,2024-12-01
C0692,Damian Cole,Birmingham,70,Male,ngraham@example.com,2025-07-20
C0693,Dr Joshua Butler,London,54,Male,maureen59@example.net,2025-06-25
C0694,Ashley Evans,Leeds,19,Female,uduncan@example.com,2025-02-03
C0695,Mr Raymond Cox,Edinburgh,44,Male,maurice83@example.com,2026-01-28
C0696,Dr Marie Peters,Glasgow,62,Male,phussain@example.org,2025-07-15
C0697,Miss Kelly Harding,Glasgow,50,Female,carolyn93@example.net,2025-12-02
C0698,Lauren Martin,London,63,Male,keith61@example.com,2025-12-01
C0699,Dr Gordon Berry,Sheffield,31,Female,donaldcook@example.org,2024-09-06
C0700,Christian Knight,Liverpool,51,Female,carolyn88@example.com,2025-01-01
C0701,Dr Leigh Ward,Edinburgh,29,Female,uroberts@example.org,2023-11-25
C0702,Susan Harris,Sheffield,39,Female,tony27@example.org,2023-06-15
C0703,Dr Lynda Hyde,Bristol,57,Female,normanlee@example.net,2025-06-28
C0704,Dr Ronald Smith,Leeds,33,Female,jayrichardson@example.com,2024-11-11
C0705,Mrs Sylvia Kaur,Sheffield,37,Male,jonesjayne@example.com,2024-06-13
C0706,Catherine Murphy,Bristol,67,Female,uharvey@example.org,2025-09-23
C0707,Jane Howells,Leeds,62,Female,oliver82@example.org,2024-03-21
C0708,Miss Tracy Hilton,Edinburgh,48,Female,jphillips@example.org,2023-11-04
C0709,Chloe Hughes-Rees,Sheffield,68,Female,howard25@example.com,2025-08-08
C0710,Rita Cartwright,Bristol,25,Female,patrick69@example.net,2024-02-26
C0711,Tony Sullivan,Glasgow,70,Female,sgibson@example.org,2023-08-16
C0712,Declan Thompson,Birmingham,36,Male,nicolelewis@example.net,2025-08-09
C0713,Mr Keith Williams,Bristol,63,Male,holmesalbert@example.net,2023-08-15
C0714,Roger Hawkins,Edinburgh,46,Female,daviskerry@example.org,2024-03-03
C0715,Katy Robson,Liverpool,31,Male,reecesmith@example.org,2025-05-18
C0716,Dr Alexandra Hicks,Sheffield,35,Female,khanleanne@example.com,2024-04-30
C0717,Katie Lee,Birmingham,24,Male,mali@example.net,2023-10-13
C0718,Jacob Miah,Leeds,21,Male,wroberts@example.net,2024-04-29
C0719,Tony Payne-Akhtar,Leeds,21,Male,scott62@example.org,2025-01-28
C0720,Mary Atkinson,Glasgow,39,Female,clifford07@example.com,2025-04-04
C0721,Dr Nigel Jones,Manchester,61,Male,dawn07@example.org,2023-10-17
C0722,Brett Bartlett,London,53,Male,cookebenjamin@example.org,2024-07-06
C0723,Mrs Lorraine Gregory,Glasgow,59,Female,taylorjack@example.net,2025-10-21
C0724,Jessica Harding,Liverpool,59,Male,guy08@example.com,2024-10-05
C0725,Marc Burgess,Bristol,38,Female,douglashazel@example.net,2023-07-20
C0726,Hollie Khan,London,67,Male,connordavis@example.com,2025-11-13
C0727,Malcolm Tyler,Cardiff,32,Male,margaret49@example.net,2024-06-26
C0728,Barry Alexander,Birmingham,44,Male,samuelpalmer@example.net,2024-09-30
C0729,Timothy Berry-Atkinson,London,43,Female,douglas60@example.net,2026-03-21
C0730,Olivia Young,Birmingham,65,Female,ajohnson@example.com,2024-09-16
C0731,Bradley Parry,London,18,Female,sharpeelizabeth@example.org,2024-08-22
C0732,Dr Bernard Hayes,Cardiff,56,Male,raymond84@example.net,2024-11-20
C0733,George Clark,Edinburgh,36,Female,qburke@example.com,2026-03-15
C0734,Dennis Lloyd,Sheffield,51,Female,annette65@example.com,2025-11-18
C0735,Mr Conor Barton,Birmingham,50,Female,townsendbilly@example.net,2025-05-07
C0736,Dominic Thomas,Bristol,30,Male,acraig@example.org,2024-09-22
C0737,Jeremy Ross,Edinburgh,28,Female,irene77@example.org,2025-02-24
C0738,Robin Lyons,Bristol,63,Male,gpollard@example.net,2023-11-21
C0739,Ms Ruth King,London,65,Female,agould@example.org,2026-04-27
C0740,Mr Joe Pearson,Bristol,54,Male,oliver78@example.org,2023-07-18
C0741,Howard Lee,Birmingham,57,Female,adamsjohn@example.com,2023-11-25
C0742,Ms Jemma Carter,Glasgow,50,Female,yprice@example.net,2025-11-11
C0743,Mrs Pauline Walker,Manchester,43,Male,leahjames@example.net,2024-09-18
C0744,Dr Mohammed Richards,Birmingham,26,Female,lesleyrobinson@example.net,2023-07-18
C0745,Katy Swift,Edinburgh,33,Male,lisascott@example.org,2025-05-17
C0746,Mr Mathew O'Brien,Bristol,42,Male,brett73@example.com,2025-03-18
C0747,Stephen Hussain,Liverpool,66,Female,xmoore@example.net,2025-08-31
C0748,Ms Jasmine Powell,Edinburgh,37,Male,bethan94@example.org,2024-03-15
C0749,Sarah Davidson-White,Bristol,59,Female,patricia80@example.org,2024-06-06
C0750,Dr Adam Burton,Leeds,21,Male,ricky54@example.com,2024-11-02
C0751,Miss Stacey Gray,Liverpool,37,Male,pfraser@example.org,2026-01-19
C0752,Ms Ann Goodwin,Glasgow,61,Female,chadwickjack@example.org,2025-12-13
C0753,Zoe Smith-Smith,Manchester,58,Female,judithedwards@example.net,2023-09-29
C0754,Dr Pamela Sykes,Edinburgh,57,Male,charvey@example.org,2024-12-29
C0755,Judith Wood,Leeds,26,Female,bradley38@example.org,2024-01-12
C0756,Mr Declan Webb,Birmingham,47,Female,patelhayley@example.net,2023-10-31
C0757,Josephine Mellor-Collins,Glasgow,62,Female,vporter@example.com,2024-09-07
C0758,Shane Bailey-Brown,Sheffield,69,Male,rrobson@example.net,2024-10-23
C0759,Adam Davis,Leeds,61,Male,samuelhall@example.org,2025-08-11
C0760,Rhys Morris,Sheffield,46,Female,jonesnaomi@example.org,2026-03-30
C0761,Chelsea Perry,Manchester,54,Male,qjohnson@example.com,2023-09-24
C0762,Edward Robinson-Mason,London,53,Male,batesben@example.com,2024-04-19
C0763,Miss Emma White,Cardiff,52,Male,gerard98@example.org,2023-07-28
C0764,Miss Diane Martin,Birmingham,38,Female,conorowen@example.com,2023-07-13
C0765,Louise Gardner-Davis,Manchester,61,Male,vallen@example.com,2023-07-23
C0766,Sharon Higgins,Cardiff,49,Male,charlielong@example.com,2023-10-23
C0767,Dr Anthony Long,Sheffield,46,Male,hargreavessarah@example.org,2023-09-01
C0768,Amy Jackson,Liverpool,26,Female,bryan@example.com,2026-04-28
C0769,Mr Trevor May,Liverpool,54,Male,alexandrahicks@example.org,2024-11-20
C0770,Miss Ashleigh Davies,Sheffield,47,Female,nwilliams@example.com,2026-01-29
C0771,Mr Dennis Harrison,London,43,Female,clarkdale@example.com,2023-09-08
C0772,Gerard Carroll-Brown,London,65,Male,benjaminholland@example.com,2024-01-21
C0773,Joshua Miller,Cardiff,22,Male,spearce@example.org,2024-10-25
C0774,Geraldine Robinson,Glasgow,40,Male,craig72@example.com,2025-07-21
C0775,Dean Scott-Bates,Sheffield,21,Male,awells@example.org,2024-11-23
C0776,Brenda Spencer,Liverpool,20,Female,kathryn26@example.com,2024-04-20
C0777,Joe Bishop,Glasgow,29,Male,brenda63@example.org,2023-07-13
C0778,Sean Stewart-Jones,Glasgow,41,Female,christinecarroll@example.org,2025-05-22
C0779,Dr Chloe Atkinson,Liverpool,42,Female,paula49@example.com,2023-12-27
C0780,Cameron Davies,Manchester,61,Male,mohammad54@example.com,2023-09-12
C0781,Mr Paul Smith,Edinburgh,25,Male,jean86@example.org,2024-10-22
C0782,Martyn Bartlett,Sheffield,43,Male,guymiller@example.org,2023-09-08
C0783,Neil Todd,Leeds,18,Male,matthewgallagher@example.org,2024-04-01
C0784,Roy Brown-Robinson,Bristol,47,Female,albertdaniels@example.org,2025-06-27
C0785,Sara Cameron,Sheffield,42,Male,agreenwood@example.org,2025-06-18
C0786,Brandon Sutton,Leeds,47,Female,rachaelwood@example.org,2025-04-10
C0787,Dr Ryan Hughes,Birmingham,35,Male,shaunjohn@example.net,2026-05-17
C0788,Maria Bradley,Manchester,20,Female,ncunningham@example.net,2026-03-10
C0789,Bernard Kelly,Cardiff,67,Male,deanbell@example.com,2025-01-31
C0790,Susan Booth,Leeds,31,Male,helen81@example.com,2024-06-02
C0791,Dr Mohammed French,Manchester,56,Male,edwardrichardson@example.org,2024-11-10
C0792,Dr Phillip Murphy,Liverpool,56,Male,dobsoncharles@example.org,2024-02-02
C0793,Hayley Kent,Leeds,65,Male,rknight@example.net,2025-02-27
C0794,Pauline Hilton-Robinson,Glasgow,46,Male,dianesanders@example.net,2025-01-22
C0795,Sandra Jarvis,Sheffield,31,Male,scottchelsea@example.org,2026-04-28
C0796,Marie Robinson,Birmingham,50,Female,lindseydoyle@example.net,2024-12-29
C0797,Damian Newton-Fox,Leeds,70,Female,davisonleanne@example.com,2024-12-18
C0798,Declan Russell-Talbot,Cardiff,56,Female,nataliehardy@example.org,2023-07-13
C0799,Jeffrey Newman,Leeds,37,Male,websterjessica@example.org,2025-08-17
C0800,Malcolm Griffiths,Sheffield,32,Female,nrichardson@example.org,2024-04-10
C0801,Caroline Brennan,Bristol,35,Male,ihicks@example.org,2024-08-19
C0802,Dr Colin Dunn,Sheffield,55,Male,lisanoble@example.com,2026-05-05
C0803,Michelle James,Glasgow,53,Female,ohunt@example.com,2024-10-11
C0804,Ashleigh Kelly,London,40,Female,davisgraeme@example.com,2026-06-13
C0805,Geraldine Rees,Sheffield,38,Female,chelseaholmes@example.net,2025-08-08
C0806,Dr Jasmine Jones,Glasgow,27,Female,ameliahicks@example.org,2025-07-21
C0807,Lewis Watson,Glasgow,29,Female,nlamb@example.net,2024-01-02
C0808,Albert Mitchell,Leeds,32,Female,gnolan@example.net,2023-09-14
C0809,Shaun Leach,Birmingham,69,Female,gillelliot@example.net,2023-12-27
C0810,Owen Gallagher,London,53,Female,middletonbarry@example.net,2024-06-30
C0811,Sam Jones,Glasgow,53,Male,fosterbernard@example.net,2026-01-12
C0812,Stephen Jackson,Glasgow,33,Female,dgibson@example.net,2024-12-12
C0813,Carol Smith,Leeds,39,Male,julia14@example.com,2025-01-24
C0814,Brett Williams,Liverpool,41,Male,vgreen@example.net,2026-03-16
C0815,Ms Naomi Kelly,Sheffield,64,Male,elliott39@example.org,2025-08-08
C0816,Max Holland,London,35,Female,marie56@example.com,2025-07-11
C0817,Mr Alex Power,Cardiff,56,Male,dennis05@example.com,2023-10-14
C0818,Christian Adams-Bailey,Manchester,30,Male,barbarasmith@example.net,2026-04-20
C0819,Miss Jayne Slater,Liverpool,31,Female,leanne77@example.org,2026-02-05
C0820,Terence Ahmed,Bristol,18,Male,jcook@example.org,2026-04-21
C0821,Graeme Smith,Leeds,65,Male,suzanne64@example.net,2025-06-16
C0822,Maureen Banks,Liverpool,33,Male,nwalsh@example.org,2025-12-20
C0823,Jack Patel,Glasgow,33,Female,nicolecollier@example.com,2025-10-09
C0824,Kenneth Chan-Lee,Bristol,42,Female,barnesmichael@example.net,2026-04-05
C0825,Christian Walsh,Sheffield,59,Female,jennaahmed@example.net,2024-07-11
C0826,Lindsey Connor,Bristol,34,Female,jemma51@example.org,2024-09-13
C0827,Miss Nicola Pearce,Sheffield,49,Female,jessica74@example.org,2025-01-17
C0828,Dr Caroline Sanders,Manchester,69,Female,careyjune@example.net,2024-09-09
C0829,Denise James,Edinburgh,31,Female,clivesharp@example.net,2023-07-07
C0830,Ms Georgia Gregory,Edinburgh,44,Male,antonygibbs@example.org,2025-09-14
C0831,Gareth Harris-Wilson,Cardiff,32,Male,goughbruce@example.com,2023-07-08
C0832,Maureen Kaur,London,34,Female,graemehardy@example.net,2025-12-17
C0833,Paul Jones-Pritchard,Bristol,27,Male,ghenry@example.org,2023-07-28
C0834,Elaine Long,Edinburgh,32,Female,uchambers@example.org,2025-06-02
C0835,Sally Bibi,Cardiff,33,Female,dthomas@example.net,2024-11-27
C0836,Alison Walker,Sheffield,59,Female,paula90@example.com,2026-03-14
C0837,Ms Hollie Lee,Bristol,66,Female,jenna82@example.com,2025-11-16
C0838,Ashley Jarvis,Liverpool,47,Male,jonesleanne@example.com,2025-09-23
C0839,Suzanne Hutchinson,Edinburgh,28,Male,lcrawford@example.com,2025-08-15
C0840,Sian Jones,Sheffield,49,Male,louise94@example.org,2024-11-11
C0841,Dr Sian Harris,Sheffield,59,Male,stephaniehart@example.org,2023-06-18
C0842,Dr Alison Wright,Sheffield,20,Male,hfrost@example.com,2026-01-24
C0843,Dale Hughes,London,66,Male,sheilabell@example.com,2023-12-17
C0844,Miss Clare Woodward,Glasgow,26,Male,harrisonroger@example.com,2026-05-31
C0845,Mr Nigel Gough,Manchester,63,Male,dawsondorothy@example.com,2024-02-07
C0846,Catherine Wood,London,31,Female,henry66@example.com,2023-12-18
C0847,Valerie Taylor,Edinburgh,21,Female,ian18@example.org,2025-03-03
C0848,Kevin Farmer,Liverpool,19,Male,wendy60@example.org,2023-06-20
C0849,Terry Lewis,Sheffield,53,Female,lesleysmart@example.org,2023-10-06
C0850,Karen Webb-Harris,London,19,Female,ihardy@example.com,2026-03-21
C0851,Mrs Tina George,Sheffield,36,Male,kathrynpatel@example.com,2023-10-31
C0852,Ms Jennifer Bibi,Sheffield,70,Female,dalekent@example.net,2026-05-07
C0853,Martin Watts,Birmingham,24,Male,crawfordmohamed@example.com,2025-04-30
C0854,Mrs Jill Naylor,Sheffield,27,Male,cookmaurice@example.net,2024-08-20
C0855,Clive Johnson,Leeds,57,Female,rkhan@example.net,2025-08-29
C0856,Amelia Carroll,Edinburgh,35,Female,fmiller@example.net,2024-02-11
C0857,Neil Hartley,Manchester,41,Female,ksmith@example.net,2024-06-29
C0858,Anna Smith,Liverpool,54,Male,ocross@example.net,2025-02-06
C0859,Jasmine Carr,Leeds,37,Male,aparkes@example.net,2023-09-18
C0860,Richard Cameron,London,23,Female,gphillips@example.com,2025-10-22
C0861,Denis Scott,Glasgow,42,Female,tkelly@example.com,2026-06-06
C0862,Graham Davis,London,58,Male,gilesguy@example.net,2024-04-13
C0863,Ms Emily Freeman,Birmingham,23,Female,alexandrabryant@example.com,2023-10-02
C0864,Sheila Atkinson,Glasgow,59,Female,joan91@example.org,2025-06-01
C0865,Dr Phillip Parkinson,Cardiff,24,Male,neil09@example.org,2023-12-30
C0866,Geraldine Jenkins,Leeds,31,Female,alison20@example.com,2024-02-09
C0867,Dr Jason Cox,Bristol,20,Male,pricejack@example.com,2026-05-10
C0868,Ms Tracey Martin,Bristol,52,Male,berrysheila@example.org,2024-09-28
C0869,Benjamin Cox,Birmingham,38,Male,lrichardson@example.net,2025-05-30
C0870,Chloe Evans,Leeds,55,Male,lindseyatkins@example.net,2026-02-16
C0871,Dr Max Smith,Glasgow,22,Female,cheryl97@example.net,2025-11-25
C0872,Karl Morgan,Birmingham,54,Male,thorntondale@example.org,2025-11-06
C0873,Mr Brandon Craig,Cardiff,42,Female,francisyoung@example.com,2025-09-22
C0874,Howard Jarvis-Ali,Glasgow,66,Male,josh04@example.net,2023-08-24
C0875,Shane Graham,Manchester,50,Female,jroberts@example.net,2023-09-30
C0876,Ms Dorothy Allen,London,24,Female,turnerpatricia@example.com,2023-09-28
C0877,Linda Smith,Leeds,22,Female,melanie77@example.net,2024-12-07
C0878,Douglas Yates,Cardiff,67,Female,catherine40@example.org,2025-12-20
C0879,Natasha Martin-Graham,Edinburgh,19,Female,lbarber@example.org,2024-08-25
C0880,Dr Catherine Johnson,Liverpool,49,Male,barkerwilliam@example.net,2025-07-28
C0881,Toby Cooper,Edinburgh,53,Female,diana84@example.net,2024-05-15
C0882,Joan Edwards-Burton,Glasgow,29,Female,martynthompson@example.com,2026-02-05
C0883,Melissa Price,Manchester,67,Female,vkennedy@example.com,2025-09-23
C0884,Miss Anna Daniels,Leeds,63,Male,samantha25@example.org,2024-05-12
C0885,Eileen Dawson-Kaur,Manchester,35,Male,kinggillian@example.net,2025-01-19
C0886,Mr Ronald Oliver,Glasgow,63,Male,mohammad54@example.com,2025-11-12
C0887,Maurice Iqbal,Glasgow,38,Female,williamsgareth@example.com,2025-03-23
C0888,Ms Andrea Hughes,Manchester,23,Male,mwebb@example.com,2023-11-07
C0889,Miss Beth Mills,Bristol,46,Female,jamie94@example.com,2023-08-19
C0890,Ross Parker,Bristol,24,Male,jaybanks@example.net,2026-04-16
C0891,Josh Barlow,Manchester,29,Female,fwilkinson@example.org,2024-12-11
C0892,Anna Powell-Knight,Liverpool,53,Female,turnerolivia@example.org,2023-12-22
C0893,Dr James Edwards,Manchester,19,Male,udale@example.org,2026-03-24
C0894,Irene Allen,Edinburgh,53,Male,farmeramy@example.com,2024-08-01
C0895,Karen Collins,Cardiff,56,Female,maryhutchinson@example.net,2024-05-15
C0896,Clive Hughes,Glasgow,18,Female,lesliecurtis@example.org,2024-09-09
C0897,Rachael Mason,Glasgow,42,Male,ihutchinson@example.org,2026-06-04
C0898,Mrs Jessica Fisher,Sheffield,33,Male,rita21@example.net,2026-05-16
C0899,Carolyn Lee,Glasgow,28,Male,scotttalbot@example.org,2025-10-14
C0900,Yvonne Banks-Smith,Bristol,37,Female,tallan@example.org,2026-04-09
C0901,Diane Hayes,Liverpool,27,Male,victoria53@example.net,2023-08-23
C0902,Mrs Shannon Nash,Birmingham,45,Female,ablack@example.org,2024-03-12
C0903,Ms Pauline Powell,Glasgow,37,Female,nathanwright@example.net,2025-05-02
C0904,Charlotte Owen,Manchester,41,Female,jasonwheeler@example.org,2024-01-15
C0905,Ashley Godfrey,Leeds,64,Female,thompsongraeme@example.org,2024-08-18
C0906,Mr Barry Carter,Cardiff,57,Male,jonesdenise@example.org,2025-10-24
C0907,Abdul Day,Liverpool,24,Male,gail02@example.com,2026-01-09
C0908,Dr Lewis Thomas,Bristol,18,Female,briggsdouglas@example.net,2024-07-04
C0909,Dr Donald Wilson,Edinburgh,57,Female,jemmatucker@example.net,2025-09-30
C0910,Alison Nixon,Edinburgh,46,Female,markcollins@example.net,2023-11-12
C0911,June Williams,Glasgow,70,Male,rlee@example.org,2026-01-04
C0912,Kirsty Robinson,Bristol,38,Male,atkinsonangela@example.net,2024-05-08
C0913,Dr Guy Doyle,Liverpool,38,Male,pricemohammed@example.net,2023-10-13
C0914,Julia Lewis,Glasgow,38,Female,henryharris@example.net,2024-06-13
C0915,Mr Stephen Smith,Liverpool,54,Male,chapmannatasha@example.org,2023-08-14
C0916,Kim Pearson,Edinburgh,42,Female,jamesjacob@example.net,2026-03-23
C0917,Mr Benjamin Smith,Glasgow,41,Male,bwheeler@example.org,2026-03-12
C0918,Francis Kelly,Cardiff,30,Male,burtonvincent@example.com,2024-09-14
C0919,Jeremy Hunter,Sheffield,19,Female,dcook@example.com,2024-08-21
C0920,Mrs Mandy Cross,Leeds,46,Female,taylorgeorgia@example.org,2025-01-27
C0921,Kelly May,Manchester,70,Female,whill@example.org,2023-09-17
C0922,Mr Ross Green,Liverpool,26,Female,eleanorevans@example.com,2023-08-17
C0923,Ian Matthews-Hartley,Leeds,34,Male,trevorwood@example.net,2024-04-30
C0924,Ms Claire Holland,Glasgow,68,Female,geraldgreen@example.org,2024-05-19
C0925,Katherine King-Mitchell,Manchester,46,Female,craigwhite@example.org,2025-01-03
C0926,Martin Harvey,Cardiff,43,Female,begummelissa@example.org,2023-06-29
C0927,Miss Natalie Jones,Sheffield,20,Female,phillipshenry@example.org,2025-11-16
C0928,Leon Chambers,Sheffield,56,Male,reesterry@example.com,2024-04-04
C0929,Joel Parkinson,Manchester,67,Male,roy51@example.org,2024-05-01
C0930,Miss Nicole Stevens,Edinburgh,28,Male,normanrosie@example.com,2025-08-03
C0931,Bernard Evans,Cardiff,59,Female,richardsongareth@example.org,2025-07-06
C0932,Peter Wilson-Walsh,Edinburgh,68,Female,dylan95@example.com,2026-02-12
C0933,Eileen Peacock,Manchester,18,Male,ncameron@example.org,2025-01-27
C0934,Jacqueline McLean,Bristol,32,Male,yvonnecarr@example.org,2025-05-14
C0935,Charles Baxter,Liverpool,41,Female,hnewton@example.org,2024-05-17
C0936,Donna Clayton,Liverpool,67,Male,hannah80@example.org,2023-10-29
C0937,Dr Ashley Evans,Edinburgh,19,Female,jlee@example.com,2023-11-29
C0938,Katherine Cox,Manchester,36,Female,helenwilliams@example.net,2025-02-23
C0939,Annette Carter,Manchester,25,Male,marcrobinson@example.org,2026-04-27
C0940,Josephine Russell,Edinburgh,37,Female,cbruce@example.com,2025-02-09
C0941,Dominic Wilson,Liverpool,68,Male,connoredwards@example.com,2024-03-22
C0942,Mr Ryan Jones,Sheffield,48,Female,rlong@example.net,2023-12-31
C0943,Mr Brandon Bird,Liverpool,24,Female,cheryl49@example.com,2023-09-12
C0944,Julian Parker-Jones,Liverpool,38,Male,eobrien@example.org,2026-01-25
C0945,Christine King-Clements,Bristol,20,Male,victor55@example.net,2025-02-22
C0946,Kenneth Hayward-Flynn,London,39,Male,marc30@example.com,2025-09-17
C0947,Mr Joe Thomas,Birmingham,65,Male,kerry91@example.net,2024-06-20
C0948,Ashley Evans,Sheffield,29,Male,smithpaula@example.net,2025-07-29
C0949,Holly Marshall,Edinburgh,53,Female,tadams@example.org,2024-03-11
C0950,Mr Damien Bates,Liverpool,32,Female,joe73@example.net,2024-04-09
C0951,Connor Harrison-Bibi,Birmingham,29,Female,danielsnicole@example.com,2025-04-05
C0952,Diane Cox-Begum,Glasgow,19,Male,masonnorman@example.org,2025-04-01
C0953,Mrs Clare Gould,Liverpool,55,Female,mmetcalfe@example.net,2025-09-25
C0954,Dr Victor Atkinson,Glasgow,18,Male,debra32@example.org,2026-05-11
C0955,Christine Morley-Harrison,Leeds,35,Male,ewright@example.com,2025-05-11
C0956,Mr Christian Young,Cardiff,24,Male,justin36@example.org,2024-10-01
C0957,Miss Lynda King,Edinburgh,38,Male,katie23@example.org,2025-01-15
C0958,Dr Maureen Whittaker,Liverpool,25,Female,andrew84@example.org,2025-06-25
C0959,Mohamed Watson,Liverpool,51,Female,kirstyyoung@example.net,2025-03-22
C0960,Dr Patricia Mills,Cardiff,42,Female,zmellor@example.com,2023-10-15
C0961,Kyle Hunter,Cardiff,25,Female,smithgrace@example.net,2023-08-20
C0962,Lindsey Knight,Edinburgh,47,Male,hdixon@example.net,2025-10-26
C0963,Kayleigh Young,Bristol,57,Male,garry66@example.org,2026-01-23
C0964,Ms Harriet Robinson,Birmingham,38,Male,nicolephillips@example.net,2025-10-21
C0965,Lee Shah,Leeds,37,Male,antonyyoung@example.com,2025-02-04
C0966,Sam Chamberlain,Birmingham,41,Male,ritarogers@example.com,2024-08-11
C0967,Mr Lee Brown,Sheffield,42,Female,rogerskathleen@example.com,2023-09-22
C0968,Mr Dean Smith,Cardiff,26,Female,maryblake@example.org,2026-02-13
C0969,Iain Lee,Glasgow,29,Female,mcarr@example.com,2025-09-16
C0970,Judith White,Sheffield,62,Male,chloewhitehead@example.com,2024-10-18
C0971,Richard Lewis,Sheffield,28,Female,gracebaker@example.com,2023-08-10
C0972,Dr Irene Williams,Bristol,26,Male,williamsnicholas@example.net,2024-12-03
C0973,Ms Megan Owen,Edinburgh,46,Male,rjones@example.com,2025-08-30
C0974,Teresa Williams,Edinburgh,18,Female,kirstyjohnson@example.org,2025-09-19
C0975,Mr Guy Thomas,Birmingham,30,Female,sarafoster@example.net,2026-06-08
C0976,Damien Smith,Sheffield,50,Female,blackburnjoel@example.org,2025-04-04
C0977,Stanley Hayward,Glasgow,61,Female,vyoung@example.org,2024-10-13
C0978,Megan White,Glasgow,63,Female,reynoldsmandy@example.net,2025-08-05
C0979,Valerie Davis,Liverpool,28,Male,emmaward@example.com,2025-06-19
C0980,Barry Williams-Quinn,Cardiff,19,Male,michelleholmes@example.org,2024-05-05
C0981,Dr Jemma Evans,Bristol,20,Female,hartleymarie@example.net,2024-07-21
C0982,Leon Lloyd,Leeds,52,Female,fwalton@example.com,2025-01-15
C0983,Denis Todd,Birmingham,67,Female,timothydawson@example.com,2023-11-11
C0984,Jodie Green,Cardiff,65,Female,mohameddavies@example.com,2024-09-10
C0985,Ms Olivia Bull,Sheffield,50,Male,molly76@example.org,2026-04-23
C0986,Lee Ross,Cardiff,25,Female,donna49@example.org,2026-01-02
C0987,Dennis Dean,Sheffield,70,Female,timothydavis@example.com,2025-10-05
C0988,Diana Knight,Sheffield,70,Male,lynnpowell@example.net,2024-11-08
C0989,Dr Marcus James,Liverpool,52,Male,jakepatel@example.net,2026-01-28
C0990,Barbara Roberts,Glasgow,24,Male,jameskevin@example.com,2025-03-31
C0991,Victoria Houghton,Bristol,20,Female,qlloyd@example.org,2026-04-13
C0992,Lydia Walker-Forster,Bristol,40,Male,shirleywilson@example.net,2026-01-05
C0993,Dr Glen Thomas,Liverpool,25,Male,callumelliott@example.net,2025-08-16
C0994,Martyn Anderson-Knight,Leeds,69,Female,khewitt@example.com,2026-06-14
C0995,Howard Moore,Cardiff,58,Female,debrabird@example.com,2023-09-15
C0996,Miss Carly Brown,Birmingham,57,Male,eleanorhunt@example.org,2023-12-02
C0997,Connor Hall,Leeds,70,Male,hilaryjackson@example.com,2024-03-06
C0998,Geraldine Reeves,London,54,Female,johnsonjessica@example.com,2025-08-07
C0999,John Hughes,Sheffield,35,Male,zoesaunders@example.org,2024-06-30
C1000,Justin Jones,Edinburgh,63,Female,carly70@example.org,2025-10-18
